-- INSERT INTO rol(id, rol,activo)VALUES(1,"Super Saya Yin","S");
-- INSERT INTO rol(id, rol,activo)VALUES(2,"Administrador Local","S");
-- INSERT INTO rol(id, rol,activo)VALUES(3,"Rol Cliente","S");
-- INSERT INTO rol(id, rol,activo)VALUES(4,"Rol Entrega","S");
-- 
-- INSERT INTO modulo(id, modulo,activo)VALUES(1,"Sistema SayaYin","S");
-- INSERT INTO modulo(id, modulo,activo)VALUES(2,"Gestion Pedidos","S");
-- INSERT INTO modulo(id, modulo,activo)VALUES(3,"Turnos. Atencion","S");
-- 
-- 
-- INSERT INTO provincia(id,prov,activo)VALUES(1,"No Definida","S");
-- INSERT INTO provincia(id,prov,activo)VALUES(2,"Tucumán","S");
-- INSERT INTO provincia(id,prov,activo)VALUES(3,"Santiago del Estero","S");
-- 
-- INSERT INTO localidad(id,loc,activo,provincia_id)VALUES(1,"No definida","S",1);
-- INSERT INTO localidad(id,loc,activo,provincia_id)VALUES(2,"San Miguel","S",2);
-- INSERT INTO localidad(id,loc,activo,provincia_id)VALUES(3,"Lules","S",2);
-- INSERT INTO localidad(id,loc,activo,provincia_id)VALUES(4,"Monteros","S",2);
-- INSERT INTO localidad(id,loc,activo,provincia_id)VALUES(5,"Tafi Viejo","S",2);
-- INSERT INTO localidad(id,loc,activo,provincia_id)VALUES(6,"La Banda","S",3);
-- 
-- INSERT INTO rubro(id,rubro,activo)VALUES(1,"Software Factory","S");
-- INSERT INTO rubro(id,rubro,activo)VALUES(2,"Papas Fritas","S");
-- INSERT INTO rubro(id,rubro,activo)VALUES(3,"Pañalera","S");
-- 
-- INSERT INTO negocio(id,neg_nom,neg_dom,neg_tel,neg_mail,localidad_id,rubro_id,neg_cuit,tags,activo)
--              VALUES(1,"HM&Soft","","381358454","@gmail",2,1,"","","S");
-- 
-- INSERT INTO contrata(id, desde,hasta,precio,activo,modulo_id, negocio_id)VALUES(1,now(),NULL,0.00,"S",1,1);
-- INSERT INTO usuario(id,usu,cla,negocio_id,rol_id)VALUES(1,TO_BASE64("admin2020"),TO_BASE64("2020admin"),1,1);
-- INSERT INTO administrador(id,adm_nom,adm_cel,usuario_id) VALUES(1,"Salazar Walter","3813584546",1);
-- 
-- INSERT INTO controlador(id,controlador,activo,rol_id,modulo_id)VALUES(1,"ingreso","S",1,1);
-- INSERT INTO controlador(id,controlador,activo,rol_id,modulo_id)VALUES(2,"negocio","S",1,1);
-- INSERT INTO controlador(id,controlador,activo,rol_id,modulo_id)VALUES(3,"rol","S",1,1);
-- INSERT INTO controlador(id,controlador,activo,rol_id,modulo_id)VALUES(4,"controlador","S",1,1);
-- INSERT INTO controlador(id,controlador,activo,rol_id,modulo_id)VALUES(5,"accion","S",1,1);
-- INSERT INTO controlador(id,controlador,activo,rol_id,modulo_id)VALUES(6,"modulo","S",1,1);
-- 
-- INSERT INTO accion(id,accion, activo, ajax,controlador_id)VALUES(1,"index","S","N",1);
-- INSERT INTO accion(id,accion, activo, ajax,controlador_id)VALUES(2,"index","S","N",2);
-- INSERT INTO accion(id,accion, activo, ajax,controlador_id)VALUES(3,"index","S","N",3);
-- INSERT INTO accion(id,accion, activo, ajax,controlador_id)VALUES(4,"index","S","N",4);
-- INSERT INTO accion(id,accion, activo, ajax,controlador_id)VALUES(5,"index","S","N",5);
-- 
-- INSERT INTO accion(id,accion, activo, ajax,controlador_id)VALUES(6,"add","S","N",4);
-- INSERT INTO accion(id,accion, activo, ajax,controlador_id)VALUES(7,"edit","S","N",4);
-- INSERT INTO accion(id,accion, activo, ajax,controlador_id)VALUES(8,"del","S","N",4);
-- INSERT INTO accion(id,accion, activo, ajax,controlador_id)VALUES(9,"act","S","N",4);
-- INSERT INTO accion(id,accion, activo, ajax,controlador_id)VALUES(19,"get_por_rol_id","S","N",4);
-- INSERT INTO accion(id,accion, activo, ajax,controlador_id)VALUES(10,"add","S","N",5);
-- INSERT INTO accion(id,accion, activo, ajax,controlador_id)VALUES(11,"edit","S","N",5);
-- INSERT INTO accion(id,accion, activo, ajax,controlador_id)VALUES(12,"del","S","N",5);
-- INSERT INTO accion(id,accion, activo, ajax,controlador_id)VALUES(13,"act","S","N",5);
-- 
-- INSERT INTO accion(id,accion, activo, ajax,controlador_id)VALUES(14,"add","S","N",6);
-- INSERT INTO accion(id,accion, activo, ajax,controlador_id)VALUES(15,"edit","S","N",6);
-- INSERT INTO accion(id,accion, activo, ajax,controlador_id)VALUES(16,"del","S","N",6);
-- INSERT INTO accion(id,accion, activo, ajax,controlador_id)VALUES(17,"act","S","N",6);
-- INSERT INTO accion(id,accion, activo, ajax,controlador_id)VALUES(18,"index","S","N",6);
